#X,V0_V,dV0dT_V_K
0.00387,0.907483190202445,0.000615430332209961
0.0048192,0.847030218897483,0.000609755272716783
0.0057684,0.812571043176713,0.000604080213223606
0.0067176,0.774266412485247,0.000598405153730428
0.0076668,0.715359790213054,0.00059273009423725
0.008616,0.674021019579613,0.000587055034744073
0.0095652,0.653510077962719,0.000581379975250895
0.0105144,0.634303583324806,0.000575704915757718
0.0114636,0.613501094802471,0.00057002985626454
0.0124128,0.593754798099771,0.000564354693128666
0.013362,0.572893025955,0.000558679633635488
0.0143112,0.550164337797794,0.000553043854724309
0.0152604,0.526672665595422,0.000547457202451302
0.0162096,0.515016854797141,0.000541870446535599
0.0171588,0.503360763971841,0.000536283794262592
0.018108,0.491697905470194,0.000530697038346889
0.0190572,0.48003497422692,0.000525110386073883
0.0200064,0.467650762557172,0.000519523630158179
0.0209557,0.453051633720178,0.000513936977885173
0.0219049,0.44206037989228,0.00050835022196947
0.0228541,0.433796929096377,0.000502763569696463
0.0238033,0.4255335510421,0.00049717681378076
0.0247525,0.417297633441571,0.000491659913042542
0.0257017,0.409160802881423,0.000486151718290836
0.0266509,0.401024003222346,0.000480643627181826
0.0276001,0.392887172662198,0.00047513543243012
0.0285493,0.383248175759091,0.000469627341321111
0.0294985,0.373208258004595,0.000464119146569405
0.0304477,0.363953568220355,0.000458611055460395
0.0313969,0.355515862912076,0.000453102860708689
0.0323461,0.347078157603796,0.000447594665956983
0.0332953,0.340470709575249,0.000442086574847974
0.0342445,0.334660909726057,0.0004365653211165
0.0351937,0.328851096009473,0.000431017949425492
0.0361429,0.323041355034515,0.000425470474091788
0.0370921,0.316947663972035,0.00041992310240078
0.0380413,0.310805333583797,0.000414375627067075
0.0389905,0.305815437239747,0.000408828255376067
0.0399397,0.300825509994627,0.000403280780042362
0.0408889,0.295717875547279,0.000397733408351354
0.0418381,0.290501178082072,0.00039218593301765
0.0427873,0.285284615160632,0.000386638561326641
0.0437365,0.280067917695426,0.000381091085992937
0.0446857,0.274851351488513,0.0003756351271603
0.0456349,0.269634653665739,0.000370205493572591
0.0465841,0.265075288725658,0.000364775963627579
0.0475333,0.260761215147279,0.00035934633003987
0.0484825,0.2564471415689,0.000353916696452161
0.0494317,0.252133098891591,0.000348487166507149
0.0503809,0.247819025313213,0.00034305753291944
0.0513301,0.243504951734834,0.000337627899331731
0.0522793,0.240345665081595,0.000332198265744022
0.0532286,0.238641241861126,0.00032676873579901
0.0541778,0.236936728196858,0.000321315264391091
0.055127,0.235232204396334,0.00031577763511356
0.0560762,0.23352771149688,0.000310240109478726
0.0570254,0.231823187696356,0.000304702480201195
0.0579746,0.230118767538529,0.000299164850923664
0.0589238,0.228414243738005,0.000293627221646133
0.059873,0.226709719937481,0.000288089592368602
0.0608222,0.225005227038027,0.000282552066733768
0.0617714,0.223300806880199,0.000277014437456237
0.0627206,0.221974578922142,0.000271476808178706
0.0636698,0.221681668648849,0.000265939178901175
0.064619,0.221388892919323,0.000260401653266341
0.0655682,0.221096086288727,0.00025486402398881
0.0665174,0.220803279658131,0.000249326394711279
0.0674666,0.220510473027535,0.000243788765433748
0.0684158,0.220217666396939,0.000238251136156218
0.069365,0.219924890667413,0.000232713610521383
0.0703142,0.219632084036817,0.000227175981243852
0.0712634,0.219339277406221,0.000221638351966322
0.0722126,0.219046470775624,0.000216100722688791
0.0731618,0.218753664145028,0.00021056309341126
0.074111,0.218460846916967,0.000205003180953967
0.0750602,0.218168007276172,0.00019925930271027
0.0760094,0.217875198536447,0.000193515528109269
0.0769586,0.217582389796722,0.000187771753508268
0.0779078,0.217465877283856,0.000182027978907267
0.078857,0.217368227741765,0.000176284204306266
0.0798062,0.217270547298604,0.000170540326062568
0.0807554,0.21717300139921,0.000164796551461567
0.0817046,0.217075351857119,0.000159052776860566
0.0826538,0.216977702315028,0.000153309002259565
0.083603,0.216880156415634,0.000147565227658564
0.0845522,0.216782528721424,0.000142011326477673
0.0855015,0.216684844500487,0.000136611231058485
0.0864507,0.216587233021176,0.000131211031996601
0.0873999,0.216489621541865,0.000125810832934717
0.0883491,0.216391937320928,0.000120410737515529
0.0892983,0.216294325841618,0.000115010538453645
0.0902475,0.216196745263377,0.000109610443034458
0.0911967,0.216099133784067,0.000104210243972574
0.0921459,0.215945689792377,9.88101485533862e-05
0.0930951,0.2157444356165,9.3409949491502e-05
0.0940443,0.215543108698997,8.80098540723145e-05
0.0949935,0.215341854051546,8.41169307465923e-05
0.0959427,0.215140466212866,8.02287749849122e-05
0.0968919,0.214939212917952,7.63407228659286e-05
0.0978411,0.214737928721968,7.24525671042485e-05
0.0987903,0.214536675427055,6.85645149852649e-05
0.0997395,0.214335287588374,6.46763592235847e-05
0.1006887,0.21413403429346,6.07883071046012e-05
0.1016379,0.213932750097477,5.6900151342921e-05
0.1025871,0.213731393159866,5.30120992239374e-05
0.1035363,0.213530108963883,4.91239434622573e-05
0.1044855,0.213328776677688,4.62141747561618e-05
0.1054347,0.21312756395889,4.45451127706601e-05
0.1063839,0.212912535860378,4.28759471424619e-05
0.1073331,0.21263190193494,4.12067815142636e-05
0.1082823,0.212351164366806,3.95376158860653e-05
0.1092315,0.212070561342438,3.78685539005636e-05
0.1101807,0.211789927417001,3.61993882723653e-05
0.1111299,0.211509293491563,3.4530222644167e-05
0.1120791,0.211228690467195,3.28611606586653e-05
0.1130283,0.210948056541757,3.1191995030467e-05
0.1139775,0.21066742261632,2.95228294022687e-05
0.1149267,0.210386761142653,2.87313101285928e-05
0.1158759,0.210106096041492,2.80537978211397e-05
0.1168251,0.209825461841401,2.73763891563832e-05
0.1177744,0.209544900382937,2.66988768489301e-05
0.1187236,0.209264266182846,2.60214681841736e-05
0.1196728,0.208983601081685,2.53439558767205e-05
0.120622,0.208702935980524,2.46664435692673e-05
0.1215712,0.207964097418914,2.39890349045108e-05
0.1225204,0.20711609219675,2.33115225970577e-05
0.1234696,0.206268086974586,2.26340102896046e-05
0.1244188,0.205420112653492,2.19566016248481e-05
0.125368,0.204572211074025,2.1279089317395e-05
0.1263172,0.20372423675293,2.06016806526384e-05
0.1272664,0.202876231530766,1.99241683451854e-05
0.1282156,0.202028329951299,1.92466560377322e-05
0.1291648,0.201180355630205,1.85692473729757e-05
0.130114,0.20033235040804,1.78917350655226e-05
0.1310632,0.199484376086946,1.72143264007661e-05
0.1320124,0.198636474507479,1.6536814093313e-05
0.1329616,0.197788469285315,1.58593017858599e-05
0.1339108,0.19694049496422,1.51818931211033e-05
0.13486,0.196092494825731,1.44512121103118e-05
0.1358092,0.195156561699774,1.37050883377319e-05
0.1367584,0.194109803630119,1.29588609224554e-05
0.1377076,0.193063045560463,1.22126335071789e-05
0.1386568,0.192016287490808,1.14664060919025e-05
0.139606,0.190969529421152,1.0720178676626e-05
0.1405552,0.189922802252567,9.97405490404608e-06
0.1415044,0.188876044182911,9.22782748876957e-06
0.1424536,0.187829286113256,8.48160007349311e-06
0.1434028,0.187107966110818,7.73537265821664e-06
0.144352,0.186482673377981,6.99349823619593e-06
0.1453012,0.185857290082156,6.26696293326703e-06
0.1462504,0.185231875885261,5.54032398764156e-06
0.1471996,0.184606492589435,4.81378868471266e-06
0.1481488,0.183981212936307,4.08725338178376e-06
0.149098,0.183355798739412,3.36061443615829e-06
0.1500473,0.182712174328991,2.63407913322939e-06
0.1509965,0.181852454896229,1.90754383030048e-06
0.1519457,0.180992735463468,1.18100852737158e-06
0.1528949,0.180132985129636,4.54369581746115e-07
0.1538441,0.179273162054179,-2.72165721182788e-07
0.1547933,0.178413470475392,-9.85745687040931e-07
0.1557425,0.177553683711153,-1.69269252031883e-06
0.1566917,0.176693896946913,-2.3996393535967e-06
0.1576409,0.175865410277037,-3.1065861868746e-06
0.1585901,0.175039027362162,-3.81342937745594e-06
0.1595393,0.174212613546217,-4.52037621073384e-06
0.1604885,0.173386199730273,-5.22732304401174e-06
0.1614377,0.172559785914328,-5.93426987728964e-06
0.1623869,0.171733372098383,-6.6412167105675e-06
0.1633361,0.170906989183508,-7.34805990114884e-06
0.1642853,0.170080475559646,-8.05707958835806e-06
0.1652345,0.169386553540321,-8.78371853398353e-06
0.1661837,0.168746038410797,-9.51025383691243e-06
0.1671329,0.168105419638576,-1.02367891398413e-05
0.1680821,0.167464873607982,-1.09634280854668e-05
0.1690313,0.166824358478458,-1.16899633883957e-05
0.1699805,0.166183843348935,-1.24164986913246e-05
0.1709297,0.165543297318341,-1.31431376369501e-05
0.1718789,0.16490267854612,-1.3869672939879e-05
0.1728281,0.164262132515526,-1.45963118855044e-05
0.1737773,0.163621617386002,-1.53228471884333e-05
0.1747265,0.162981101468794,-1.60601613318051e-05
0.1756757,0.162340519126981,-1.68063887470816e-05
0.1766249,0.161700040427865,-1.75526161623581e-05
0.1775741,0.161059458086053,-1.82988435776346e-05
0.1785233,0.16041890664531,-1.90449673502145e-05
0.1794725,0.159810142611343,-1.9791194765491e-05
0.1804217,0.159261076770598,-2.05374221807674e-05
0.1813709,0.15871211457255,-2.12836495960439e-05
0.1823202,0.158163079632875,-2.20297733686238e-05
0.1832694,0.157614013792131,-2.27760007839003e-05
0.1842186,0.157064947951386,-2.35222281991768e-05
0.1851678,0.15651591842186,-2.42488671448023e-05
0.186117,0.155966888892334,-2.49755060904277e-05
0.1870662,0.155417890263878,-2.57020413933566e-05
0.1880154,0.154868787992726,-2.64285766962855e-05
0.1889646,0.1543197584632,-2.7155215641911e-05
0.1899138,0.153770759834744,-2.78817509448399e-05
0.190863,0.153221761206288,-2.86082862477688e-05
0.1918122,0.152672658935135,-2.93348215506977e-05
0.1927614,0.152123629405609,-3.00614604963232e-05
0.1937106,0.151574630777153,-3.07879957992521e-05
0.1946598,0.151103492620698,-3.1488724070736e-05
0.195609,0.150633713204448,-3.21563903220153e-05
0.1965582,0.150163933788198,-3.28240565732946e-05
0.1975074,0.149694154371948,-3.34917228245739e-05
0.1984566,0.149224374955699,-3.41593890758532e-05
0.1994058,0.148754595539449,-3.48270553271326e-05
0.200355,0.148284816123199,-3.54947215784119e-05
0.2013042,0.147815036706949,-3.61623878296912e-05
0.2022534,0.1473452572907,-3.68300540809705e-05
0.2032026,0.14687550877552,-3.74976166895532e-05
0.2041518,0.14640572935927,-3.81652829408326e-05
0.205101,0.145936031929575,-3.88156408617853e-05
0.2060502,0.145466185181848,-3.94637186434136e-05
0.2069994,0.144996472977887,-4.01116927823454e-05
0.2079486,0.144526760773926,-4.07596669212771e-05
0.2088978,0.144188851178927,-4.14077447029054e-05
0.209847,0.143932642929892,-4.20557188418372e-05
0.2107962,0.143676507422484,-4.27037966234655e-05
0.2117454,0.143420299173449,-4.33517707623972e-05
0.2126946,0.143164163666041,-4.39998485440255e-05
0.2136438,0.142907955417006,-4.46478226829573e-05
0.2145931,0.142651879006664,-4.53054355926697e-05
0.2155423,0.142395673581892,-4.59829479001228e-05
0.2164915,0.142139499058191,-4.66603565648793e-05
0.2174407,0.14188329363342,-4.73378688723324e-05
0.2183899,0.141627191851345,-4.80153811797855e-05
0.2193391,0.141371017327644,-4.8692789844542e-05
0.2202883,0.141114811902873,-4.93703021519951e-05
0.2212375,0.140858637379171,-5.00477108167517e-05
0.2221867,0.140602535597097,-5.07252231242048e-05
0.2231359,0.140357109012768,-5.14027354316579e-05
0.2240851,0.140143531637356,-5.20801440964144e-05
0.2250343,0.139930020805737,-5.27879200712648e-05
0.2259835,0.139716443549513,-5.35046093180199e-05
0.2269327,0.139502939034916,-5.42214022074716e-05
0.2278819,0.139289465421389,-5.49380914542267e-05
0.2288311,0.139075857264096,-5.56548843436784e-05
0.2297803,0.138862383650569,-5.63715735904336e-05
0.2307295,0.138648775493275,-5.70883664798852e-05
0.2316787,0.138435270978679,-5.78051593693369e-05
0.2326279,0.138221693722455,-5.8521848616092e-05
0.2335771,0.138008189207858,-5.92386415055437e-05
0.2345263,0.137794688528041,-5.99575072489267e-05
0.2354755,0.137581077665673,-6.06840425518556e-05
0.2364247,0.137367570446002,-6.14105778547845e-05
0.2373739,0.137154063226331,-6.21371131577134e-05
0.2383231,0.137010898496558,-6.28637521033389e-05
0.2392723,0.13687667793976,-6.35902874062678e-05
0.2402215,0.136742561025658,-6.43168227091967e-05
0.2411707,0.13660830956779,-6.50434616548222e-05
0.2421199,0.136474089010992,-6.57699969577511e-05
0.2430691,0.136339868454194,-6.649653226068e-05
0.2440183,0.136205751540092,-6.72230675636089e-05
0.2449675,0.136071500082224,-6.79497065092343e-05
0.2459167,0.135937279525426,-6.86762418121632e-05
0.246866,0.135803162611324,-6.94027771150921e-05
0.2478152,0.135668911153456,-7.01294160607176e-05
0.2487644,0.135534690596658,-7.08559513636465e-05
0.2497136,0.13540047003986,-7.15824866665754e-05
0.2506628,0.135266322224688,-7.23091256122009e-05
0.251612,0.13513210166789,-7.30356609151298e-05
0.2525612,0.135001094034686,-7.37621962180587e-05
0.2535104,0.134872884754288,-7.44887315209876e-05
0.2544596,0.134744782951367,-7.52173396778478e-05
0.2554088,0.134616610101378,-7.59635670931243e-05
0.256358,0.134488437251388,-7.67097945084008e-05
0.2573072,0.134360295302469,-7.74559182809807e-05
0.2582564,0.134232226095176,-7.82021456962572e-05
0.2592056,0.134104053245187,-7.89483731115336e-05
0.2601548,0.133975880395197,-7.96946005268101e-05
0.261104,0.133847738446278,-8.044072429939e-05
0.2620532,0.133719565596288,-8.11869517146665e-05
0.2630024,0.133591392746299,-8.1933179129943e-05
0.2639516,0.133463323539006,-8.26794065452195e-05
0.2649008,0.133335180802402,-8.34363091582422e-05
0.26585,0.133206971641194,-8.42021250431698e-05
0.2667992,0.133088504893463,-8.49679409280972e-05
0.2677484,0.133021310379462,-8.57338604557212e-05
0.2686976,0.132954250409228,-8.64996763406488e-05
0.2696468,0.132887190438994,-8.72654922255762e-05
0.270596,0.132820026826063,-8.80313081105037e-05
0.2715452,0.132752935954759,-8.87972276381278e-05
0.2724944,0.132685875984525,-8.95630435230552e-05
0.2734436,0.132618712371594,-9.03288594079827e-05
0.2743928,0.13255165240136,-9.10946752929102e-05
0.275342,0.132484589726051,-9.18702335913149e-05
0.2762912,0.132417496149673,-9.26458955324162e-05
0.2772404,0.132350298930598,-9.34215574735174e-05
0.2781896,0.132283205354219,-9.41972194146187e-05
0.2791389,0.132216111777841,-9.497288135572e-05
0.2800881,0.132149018201462,-9.57485432968213e-05
0.2810373,0.132081924625084,-9.65242052379225e-05
0.2819865,0.132043851003744,-9.72998671790238e-05
0.2829357,0.13201344694195,-9.80755291201251e-05
0.2838849,0.131982939237459,-9.88511910612264e-05
0.2848341,0.131952495133309,-9.95884015619016e-05
0.2857833,0.131921989895514,-0.000100275759925528
0.2867325,0.131891619201487,-0.000100963014646459
0.2876817,0.131861144864762,-0.000101650269367389
0.2886309,0.131830639626968,-0.000102337627731016
0.2895801,0.131800165290243,-0.000103024882451946
0.2905293,0.131769794596215,-0.000103712137172877
0.2914785,0.131739289358421,-0.000104399495536504
0.2924277,0.131708815021696,-0.000105086750257434
0.2933769,0.131678309783902,-0.000105774108621061
0.2943261,0.131647939089874,-0.000106461363341991
0.2952753,0.131617426270616,-0.000106993361303465
0.2962245,0.131589578835768,-0.00010750390522675
0.2971737,0.131565151609907,-0.000108014449150035
0.2981229,0.131540724384045,-0.00010852499307332
0.2990721,0.131516400800881,-0.000109035536996605
0.3000213,0.131491942673949,-0.000109546184562587
0.3009705,0.131467515448088,-0.000110056728485872
0.3019197,0.131443088222227,-0.000110567272409157
0.3028689,0.131418764639062,-0.000111077816332442
0.3038181,0.131394337413201,-0.000111588360255727
0.3047673,0.131369893822157,-0.000112022830439732
0.3057165,0.131345538622788,-0.000112297794513722
0.3066657,0.131321110681792,-0.000112572654945016
0.3076149,0.131296651839726,-0.000112847619019006
0.3085641,0.131272327541427,-0.000113122479450299
0.3095133,0.131247868699361,-0.000113397443524289
0.3104625,0.131222373430329,-0.000113672407598279
0.3114118,0.131179600732041,-0.000113947268029573
0.312361,0.131136797132683,-0.000114222232103563
0.3133102,0.131094024434395,-0.000114497092534856
0.3142594,0.131051324477733,-0.000114772056608847
0.3152086,0.131008495833118,-0.000114994266550284
0.3161578,0.130965792933004,-0.000115200411873755
0.317107,0.130923059131819,-0.000115406660839921
0.3180562,0.130880252589009,-0.000115612806163391
0.3190054,0.130837549688895,-0.000115818951486861
0.3199546,0.130794712245014,-0.000116025200453028
0.3209038,0.1307520093449,-0.000116231345776498
0.321853,0.130709171901019,-0.000116437594742665
0.3228022,0.130666469000905,-0.000116643740066135
0.3237514,0.130623766100791,-0.000116849885389605
0.3247006,0.13058093632647,-0.000117060280063635
0.3256498,0.130568015310678,-0.000117286117499452
0.326599,0.13056794598926,-0.00011751195493527
0.3275482,0.130568011211609,-0.000117737688728391
0.3284974,0.130568045532888,-0.000117963526164209
0.3294466,0.130567976211471,-0.000118189363600027
0.3303958,0.13056801053275,-0.000118415201035844
0.331345,0.130568044854029,-0.000118641038471662
0.3322942,0.130567975532611,-0.00011886687590748
0.3332434,0.13056800985389,-0.000119092713343297
0.3341926,0.130567940532472,-0.000119318550779115
0.3351418,0.130568059099717,-0.000119550710419423
0.336091,0.130567956172155,-0.000119786393911415
0.3370402,0.13056795688729,-0.000120022077403406
0.3379894,0.130567988503494,-0.000120257657252701
0.3389386,0.130567989218629,-0.000120493340744693
0.3398878,0.130568020834834,-0.000120728920593988
0.340837,0.130568021549968,-0.000120964604085979
0.3417862,0.130568022265103,-0.000121200287577971
0.3427354,0.130568053881307,-0.000121435867427265
0.3436846,0.130567950953745,-0.000121671550919257
0.3446339,0.130568020575727,-0.000121905265200014
0.3455831,0.130567984860454,-0.000122121256579658
0.3465323,0.13056794914518,-0.000122337247959302
0.3474815,0.130568017072604,-0.000122553239338945
0.3484307,0.13056798135733,-0.000122769230718589
0.3493799,0.130568049284754,-0.000122985222098233
0.3503291,0.130567982668411,-0.000123201317120574
0.3512783,0.130567946953137,-0.000123417308500218
0.3522275,0.130568014880561,-0.000123633299879862
0.3531767,0.130567979165287,-0.000123849291259506
0.3541259,0.130568047092711,-0.000124065282639149
0.3550751,0.130450096102131,-0.00012429194921654
0.3560243,0.130328109363407,-0.000124527632708531
0.3569735,0.130206153525753,-0.000124763212557826
0.3579227,0.130084166787029,-0.000124998896049818
0.3588719,0.129962180048306,-0.000125234579541809
0.3598211,0.129840224210652,-0.000125470159391104
0.3607703,0.129718237471928,-0.000125705842883095
0.3617195,0.129596281634274,-0.00012594142273239
0.3626687,0.12947429489555,-0.000126177106224382
0.3636179,0.129352411799523,-0.000126412789716373
0.3645671,0.129230455961869,-0.000126648369565668
0.3655163,0.129108497419141,-0.00012689369182844
0.3664655,0.128986477074273,-0.000127139221376606
0.3674147,0.128864487630475,-0.000127384647282074
0.3683639,0.128742601829373,-0.000127630073187543
0.3693131,0.128686601882218,-0.000127875602735708
0.3702623,0.128674370054083,-0.000128121028641177
0.3712115,0.128662138225949,-0.000128366454546646
0.3721607,0.128649875496744,-0.000128611984094811
0.3731099,0.128637643668609,-0.00012885741000028
0.3740591,0.128625484582101,-0.000129102939548445
0.3750083,0.128613229522456,-0.000129352614804473
0.3759575,0.128600964088178,-0.000129607886766115
0.3769068,0.128588698653899,-0.000129863158727758
0.377856,0.128576536862316,-0.0001301184306894
0.3788052,0.128564271428037,-0.000130373702651043
0.3797544,0.128552005993758,-0.000130628974612685
0.3807036,0.128539844202176,-0.000130884246574328
0.3816528,0.128527578767897,-0.00013113951853597
0.382602,0.128515313333618,-0.000131394790497613
0.3835512,0.128506053537539,-0.000131650062459255
0.3845004,0.128506017941455,-0.000131905334420898
0.3854496,0.128506034902583,-0.00013217781107017
0.3863988,0.128506035736906,-0.00013245277514416
0.387348,0.128505932928533,-0.00013272773921815
0.3882972,0.128505964663927,-0.000133002599649444
0.3892464,0.128505965498251,-0.000133277563723434
0.3901956,0.128505997233645,-0.000133552424154728
0.3911448,0.128505998067968,-0.000133827388228718
0.392094,0.128506029803362,-0.000134102248660011
0.3930432,0.128506030637686,-0.000134377212734001
0.3939924,0.128505958730383,-0.000134652073165295
0.3949416,0.128505971069046,-0.000134933255801079
0.3958908,0.128506039234847,-0.00013522780834472
0.39684,0.128506003757952,-0.000135522360888361
0.3977892,0.128505968281057,-0.000135816913432002
0.3987384,0.128458153521045,-0.000136111465975643
0.3996876,0.128403291057667,-0.000136406018519284
0.4006368,0.128348428594288,-0.000136700571062925
0.401586,0.12829353522984,-0.000136995227249263
0.4025352,0.128238672766461,-0.000137289779792904
0.4034844,0.128183810303083,-0.000137584332336545
0.4044336,0.128128947839704,-0.000137878884880186
0.4053828,0.128074082344777,-0.000138255833367597
0.406332,0.12801925384511,-0.00013865838160106
0.4072812,0.127964394444373,-0.00013906103347722
0.4082304,0.127909462302009,-0.000139463581710683
0.4091797,0.127854633802343,-0.000139866129944146
0.4101289,0.127799805302676,-0.000140268678177609
0.4110781,0.127744873160312,-0.000140671226411072
0.4120273,0.127690044660645,-0.000141073774644535
0.4129765,0.127622779037391,-0.000141476322877998
0.4139257,0.127543490861334,-0.000141878871111461
0.4148749,0.127464122616112,-0.000142299764102216
0.4158241,0.12738480107229,-0.00014279071955585
0.4167733,0.127305479528467,-0.000143281675009484
0.4177225,0.127226085243018,-0.000143772526820422
0.4186717,0.127146763699195,-0.000144263482274056
0.4196209,0.127067442155372,-0.00014475443772769
0.4205701,0.12698812061155,-0.000145245393181324
0.4215193,0.126908726326101,-0.000145736244992261
0.4224685,0.126829404782278,-0.000146227200445895
0.4234177,0.126750083238455,-0.000146718155899529
0.4243669,0.126670792595703,-0.000147209007710466
0.4253161,0.126591380711723,-0.000147667937570862
0.4262653,0.126512092654856,-0.000148109766386323
0.4272145,0.126443998009218,-0.000148551595201785
0.4281637,0.126443996615224,-0.000148993424017246
0.4291129,0.126443995221229,-0.000149435252832708
0.4300621,0.126443993827235,-0.00014987708164817
0.4310113,0.126443992433241,-0.000150318910463631
0.4319605,0.126443991039246,-0.000150760739279093
0.4329097,0.126443989645252,-0.000151202568094554
0.4338589,0.126443988251258,-0.000151644396910016
0.4348081,0.126443945239539,-0.000152069331965937
0.4357573,0.126444010581077,-0.000152334346341057
0.4367065,0.126444045021545,-0.000152599464358873
0.4376557,0.126443975819316,-0.00015286458237669
0.4386049,0.126444010259785,-0.000153129700394506
0.4395541,0.126443941057556,-0.000153394818412322
0.4405033,0.126444006399094,-0.000153659832787442
0.4414526,0.126444040839562,-0.000153924950805258
0.4424018,0.126410805974432,-0.000154190068823075
0.443351,0.126368139623915,-0.000154455186840891
0.4443002,0.126325473273398,-0.000154720304858707
0.4452494,0.126282740824751,-0.000154921682618135
0.4461986,0.126240074116667,-0.000155068958889956
0.4471478,0.126197407408582,-0.000155216235161776
0.448097,0.126154637057801,-0.000155363511433597
0.4490462,0.126111939448647,-0.000155510891348114
0.4499954,0.126069272740562,-0.000155658167619934
0.4509446,0.126026606032478,-0.000155805443891755
0.4518938,0.125983835681697,-0.000155952720163575
0.452843,0.125941168973612,-0.000156099996435396
0.4537922,0.125898502265528,-0.000156247272707217
0.4547414,0.125855835557443,-0.000156394548979037
0.4556906,0.125813126754877,-0.000156367809163323
0.4566398,0.125712663256571,-0.000156338374637498
0.457589,0.125529596529102,-0.000156308940111673
0.4585382,0.125346633444329,-0.000156279505585849
0.4594874,0.12516359761793,-0.000156249967417327
0.4604366,0.124980634533157,-0.000156220532891502
0.4613858,0.124797567805688,-0.000156191098365678
0.462335,0.124614604720915,-0.000156161663839853
0.4632842,0.124431537993446,-0.000156132229314028
0.4642334,0.124248605809743,-0.000156102691145507
0.4651826,0.124065544015666,-0.000155896649464733
0.4661318,0.123882512407524,-0.000155454820649272
0.467081,0.123699480799383,-0.00015501299183381
0.4680302,0.123516552833938,-0.000154571163018348
0.4689794,0.123333521225796,-0.000154129334202887
0.4699286,0.123150489617654,-0.000153687505387425
0.4708778,0.122962068589291,-0.000153245676571963
0.471827,0.122663164446389,-0.000152803847756502
0.4727762,0.122364260303486,-0.00015236201894104
0.4737255,0.122065252517887,-0.000151920190125579
0.4746747,0.121766348374984,-0.000151478361310117
0.4756239,0.121467454129959,-0.000150873813461047
0.4765731,0.121168515784967,-0.000150245427791766
0.4775223,0.120869577439974,-0.000149617042122485
0.4784715,0.120570639094982,-0.000148988656453204
0.4794207,0.12027170074999,-0.000148360270783924
0.4803699,0.119972866047694,-0.000147731885114643
0.4813191,0.119673927702701,-0.000147103499445362
0.4822683,0.119374989357709,-0.000146475113776081
0.4832175,0.119076051012716,-0.000145846728106801
0.4841667,0.118777112667724,-0.00014521834243752
0.4851159,0.118478158791873,-0.00014478884710295
0.4860651,0.118001506030366,-0.00014478884710295
0.4870143,0.117441835468908,-0.00014478884710295
0.4879635,0.116882061264754,-0.00014478884710295
0.4889127,0.1163222870606,-0.00014478884710295
0.4898619,0.115762616499143,-0.00014478884710295
0.4908111,0.115202842294989,-0.00014478884710295
0.4917603,0.114643171733532,-0.00014478884710295
0.4927095,0.113940370608116,-0.00014478884710295
0.4936587,0.113225443287203,-0.00014478884710295
0.4946079,0.112510515966289,-0.00014478884710295
0.4955571,0.111795529874785,-0.000144706658444573
0.4965063,0.11108056859016,-0.000144598662754751
0.4974555,0.110365607305535,-0.000144490667064929
0.4984047,0.109650646020909,-0.000144382671375107
0.4993539,0.108935684736284,-0.000144274675685285
0.5003031,0.108284774638137,-0.000144166679995463
0.5012523,0.107772331182602,-0.000144058684305641
0.5022015,0.107259887727067,-0.000143950688615819
0.5031507,0.106747444271532,-0.000143842692925997
0.5040999,0.106234897173301,-0.000143734697236175
0.5050491,0.10572250943608,-0.0001429733379872
0.5059984,0.105210039069719,-0.000139674287312802
0.5069476,0.104697537802288,-0.000136375340281101
0.5078968,0.104185067435927,-0.000133076289606703
0.508846,0.103672669811192,-0.000129777342575001
0.5097952,0.103160199444831,-0.000126478291900603
0.5107444,0.1026476981774,-0.000123179344868902
0.5116936,0.102135227811039,-0.000119880294194504
0.5126428,0.101622830186305,-0.000116581347162802
0.513592,0.101110359819944,-0.000113282296488404
0.5145412,0.100597858552513,-0.000109983349456703
0.5154904,0.100369915796689,-0.000105231850032626
0.5164396,0.10015642785456,-9.96942207550957e-05
0.5173888,0.0999429399124299,-9.41565914775648e-05
0.518338,0.0997294519703001,-8.86189622000339e-05
0.5192872,0.099516067670867,-8.30813329225031e-05
0.5202364,0.0993025488276673,-7.75438072876688e-05
0.5211856,0.0990890608855376,-7.20061780101379e-05
0.5221348,0.0988755729434079,-6.64685487326071e-05
0.523084,0.0986620850012782,-6.09309194550762e-05
0.5240332,0.0984486698007751,-5.5393393820242e-05
0.5249824,0.098235196218341,-5.00820165493151e-05
0.5259316,0.0980217356275189,-4.697936878491e-05
0.5268808,0.0978082750366968,-4.38767210205049e-05
0.52783,0.0975947835448048,-4.07741768987964e-05
0.5287792,0.0973813229539827,-3.76715291343913e-05
0.5297284,0.0972250731316651,-3.45688813699862e-05
0.5306776,0.0971091403183118,-3.14662336055811e-05
0.5316268,0.0969932075049585,-2.8363585841176e-05
0.532576,0.0968772746916052,-2.5260938076771e-05
0.5335252,0.0967613418782519,-2.21582903123659e-05
0.5344744,0.0966454818065252,-1.90557461906574e-05
0.5354236,0.0965295343070018,-1.78723538812648e-05
0.5363728,0.09641369410358,-1.83436172225512e-05
0.537322,0.0962977502574616,-1.88148805638376e-05
0.5382713,0.0961817755102733,-1.92862475478205e-05
0.5392205,0.0960659353068515,-1.9757510889107e-05
0.5401697,0.0959499914607331,-2.02287742303933e-05
0.5411189,0.0958340476146148,-2.07000375716798e-05
0.5420681,0.095718207411193,-2.11713009129662e-05
0.5430173,0.0956022326640046,-2.16426678969491e-05
0.5439665,0.0955012133661918,-2.21139312382356e-05
0.5449157,0.0954524299874483,-2.2585194579522e-05
0.5458649,0.0954035635701764,-2.3538189174448e-05
0.5468141,0.0953547762115533,-2.45003043266718e-05
0.5477633,0.0953059579518603,-2.54625231215922e-05
0.5487125,0.0952571396921673,-2.64247419165126e-05
0.5496617,0.0952083214324743,-2.7386960711433e-05
0.5506109,0.0951595031727813,-2.83491795063533e-05
0.5515601,0.0951106849130883,-2.93113983012738e-05
0.5525093,0.0950618666533953,-3.02736170961941e-05
0.5534585,0.0950130483937023,-3.12358358911145e-05
0.5544077,0.0949642301340093,-3.21980546860349e-05
0.5553569,0.0949154849113246,-3.28972283170703e-05
0.5563061,0.0948666002373916,-3.32409074988838e-05
0.5572553,0.0948178501072252,-3.35844830380007e-05
0.5582045,0.0947689654332922,-3.39281622198141e-05
0.5591537,0.0947463023615905,-3.42718414016276e-05
0.5601029,0.0947280231842145,-3.46154169407444e-05
0.5610521,0.0947097131057686,-3.49590961225579e-05
0.5620013,0.0946915066700192,-3.53027753043713e-05
0.5629505,0.0946732274926433,-3.56463508434882e-05
0.5638997,0.0946549174141973,-3.59900300253016e-05
0.5648489,0.0946366073357514,-3.63337092071151e-05
0.5657981,0.0946183229399656,-3.64895878227506e-05
0.5667473,0.0946000794778629,-3.66171719822236e-05
0.5676965,0.0945817014719937,-3.67448597843931e-05
0.5686457,0.0945634580098909,-3.68724439438661e-05
0.5695949,0.0945451836467182,-3.70001317460356e-05
0.5705442,0.0945268365419189,-3.71277159055086e-05
0.5714934,0.0945085621787462,-3.72554037076781e-05
0.5724426,0.0944903187166435,-3.73829878671511e-05
0.5733918,0.0944809576253755,-3.75106756693206e-05
0.574341,0.094481058920565,-3.76382598287936e-05
0.5752902,0.0944809366843686,-3.77290508309855e-05
0.5762394,0.0944810376219908,-3.77387932444627e-05
0.5771886,0.0944810040158465,-3.77486393006365e-05
0.5781378,0.0944809704097021,-3.77584853568103e-05
0.579087,0.0944809368035577,-3.77683314129841e-05
0.5800362,0.0944810377411799,-3.77780738264613e-05
0.5809854,0.0944810041350355,-3.77879198826351e-05
0.5819346,0.0944809705288912,-3.77977659388089e-05
0.5828838,0.0944809369227468,-3.78076119949827e-05
0.583833,0.094481037860369,-3.78173544084599e-05
0.5847822,0.0944810042542246,-3.78272004646337e-05
0.5857314,0.0944809637662052,-3.7822121972502e-05
0.5866806,0.0944809664712796,-3.78123795590247e-05
0.5876298,0.0944733305178781,-3.7802533502851e-05
0.588579,0.0944122149330484,-3.77926874466772e-05
0.5895282,0.0943512029909153,-3.77828413905034e-05
0.5904774,0.0942901601477122,-3.77730989770262e-05
0.5914266,0.0942291482055791,-3.77632529208523e-05
0.5923758,0.0941680326207494,-3.77534068646786e-05
0.593325,0.0941070206786163,-3.77435608085048e-05
0.5942742,0.0940459778354132,-3.77338183950276e-05
0.5952234,0.093984931722283,-3.77279107613233e-05
0.5961726,0.0939238525678612,-3.77377568174971e-05
0.5971218,0.0938627734134393,-3.77476028736709e-05
0.598071,0.0938018288027841,-3.77573452871481e-05
0.5990202,0.0937407496483622,-3.77671913433219e-05
0.5999694,0.0936796704939404,-3.77770373994957e-05
0.6009186,0.0936186222405885,-3.77867798129729e-05
0.6018678,0.0935575430861666,-3.77966258691467e-05
0.6028171,0.0935384392238541,-3.78064719253205e-05
0.6037663,0.0935322906986124,-3.78163179814942e-05
0.6047155,0.0935262767171371,-3.78260603949715e-05
0.6056647,0.0935201863820874,-3.78169398376737e-05
0.6066139,0.0935141386752787,-3.77972477253261e-05
0.6075631,0.0935081637100966,-3.77776592556751e-05
0.6085123,0.0935021160032879,-3.77579671433275e-05
0.6094615,0.0934960373954092,-3.77383786736765e-05
0.6104107,0.0934899896886005,-3.77186865613289e-05
0.6113599,0.0934839110807219,-3.76990980916779e-05
0.6123091,0.0934778633739132,-3.76794059793303e-05
0.6132583,0.0934717847660345,-3.76598175096793e-05
0.6142075,0.0934657370592259,-3.76401253973318e-05
0.6151567,0.0934597549893369,-3.76222988535224e-05
0.6161059,0.0934536400702395,-3.76222988535224e-05
0.6170551,0.0934500125758597,-3.76222988535224e-05
0.6180043,0.0934500125758597,-3.76222988535224e-05
0.6189535,0.0934500125758597,-3.76222988535224e-05
0.6199027,0.0934500125758597,-3.76222988535224e-05
0.6208519,0.0934500125758597,-3.76222988535224e-05
0.6218011,0.0934500125758597,-3.76222988535224e-05
0.6227503,0.0934500125758597,-3.76222988535224e-05
0.6236995,0.0934500125758597,-3.76222988535224e-05
0.6246487,0.0934500125758597,-3.76222988535224e-05
0.6255979,0.093449979534568,-3.76380525434004e-05
0.6265471,0.0934500132599015,-3.76674870692252e-05
0.6274963,0.093450046985235,-3.769692159505e-05
0.6284455,0.0934499770678719,-3.77263561208748e-05
0.6293947,0.0934499798921353,-3.77558942893962e-05
0.6303439,0.0934500136174688,-3.7785328815221e-05
0.6312931,0.0934500473428023,-3.78147633410457e-05
0.6322423,0.0934499774254391,-3.78441978668706e-05
0.6331915,0.0934500111507726,-3.78736323926953e-05
0.6341407,0.0934500139750361,-3.79031705612167e-05
0.63509,0.093449944057673,-3.79326050870415e-05
0.6360392,0.0934499614333711,-3.79812135117311e-05
0.6369884,0.0934500315891124,-3.80303401499034e-05
0.6379376,0.0934499981021571,-3.80794667880758e-05
0.6388868,0.0934499955162718,-3.81284897835516e-05
0.639836,0.0934499620293166,-3.8177616421724e-05
0.6407852,0.0934500321850579,-3.82267430598963e-05
0.6417344,0.0934500295991726,-3.82757660553721e-05
0.6426836,0.0934499961122173,-3.83248926935445e-05
0.6436328,0.0934499626252621,-3.83740193317168e-05
0.644582,0.0934499600393768,-3.84230423271927e-05
0.6455312,0.0934499725697788,-3.84970432125409e-05
0.6464804,0.0934500065334905,-3.86050389023629e-05
0.6474296,0.0934500404972021,-3.87130345921848e-05
0.6483788,0.0934499708182172,-3.88210302820068e-05
0.649328,0.0934500047819289,-3.89290259718287e-05
0.6502772,0.0934500387456406,-3.90370216616507e-05
0.6512264,0.0934499690666557,-3.91450173514726e-05
0.6521756,0.0934500030303673,-3.92530130412946e-05
0.6531248,0.093450036994079,-3.93610087311165e-05
0.654074,0.0934499673150941,-3.94690044209385e-05
0.6550232,0.0934500012788058,-3.95770001107605e-05
0.6559724,0.0934500257747571,-3.97190942477527e-05
0.6569216,0.0934499562149613,-3.98663705195732e-05
0.6578708,0.0934499902978621,-4.00136467913938e-05
0.65882,0.0934500243807628,-4.01609230632143e-05
0.6597692,0.093449954820967,-4.03081993350348e-05
0.6607184,0.0934499889038678,-4.04554756068554e-05
0.6616676,0.0934500229867686,-4.06027518786759e-05
0.6626168,0.0934499534269728,-4.07500281504965e-05
0.663566,0.0934499875098735,-4.0897304422317e-05
0.6645152,0.0934500215927743,-4.10445806941375e-05
0.6654644,0.0934500310916274,-4.12009775232559e-05
0.6664136,0.0934499952571651,-4.13776883209012e-05
0.6673628,0.0934499594227028,-4.15543991185466e-05
0.6683121,0.093449996329867,-4.17312135588885e-05
0.6692613,0.0934499604954047,-4.19079243565338e-05
0.6702105,0.0934500283036389,-4.20846351541791e-05
0.6711597,0.0934499924691766,-4.22613459518245e-05
0.6721089,0.0934500602774108,-4.24380567494698e-05
0.6730581,0.0934499935418785,-4.26148711898117e-05
0.6740073,0.0934499577074162,-4.2791581987457e-05
0.6749565,0.0934500255156503,-4.29682927851024e-05
0.6759057,0.093450027464133,-4.31598244883567e-05
0.6768549,0.0934500280600786,-4.33562273983496e-05
0.6778041,0.093450059557094,-4.35525266656459e-05
0.6787533,0.093449956510343,-4.37489295756388e-05
0.6797025,0.0934499571062885,-4.39453324856317e-05
0.6806517,0.093449957702234,-4.41417353956246e-05
0.6816009,0.0934499891992495,-4.43380346629209e-05
0.6825501,0.093449989795195,-4.45344375729139e-05
0.6834993,0.0934499903911405,-4.47308404829068e-05
0.6844485,0.093450021888156,-4.49271397502031e-05
0.6853977,0.0934500566550985,-4.51196042377265e-05
0.6863469,0.0934500208206362,-4.52963150353718e-05
0.6872961,0.0934499540851039,-4.54731294757137e-05
0.6882453,0.0934500218933381,-4.56498402733591e-05
0.6891945,0.0934499860588758,-4.58265510710044e-05
0.6901437,0.09345005386711,-4.60032618686497e-05
0.6910929,0.0934499871315777,-4.61800763089916e-05
0.6920421,0.0934499512971153,-4.6356787106637e-05
0.6929913,0.0934500191053496,-4.65334979042823e-05
0.6939405,0.0934499832708872,-4.67102087019276e-05
0.6948897,0.0934500510791215,-4.6886919499573e-05
0.6958389,0.0934499855769372,-4.70195821511777e-05
0.6967881,0.0934500195406489,-4.71275778409996e-05
0.6977373,0.093449949861664,-4.72355735308216e-05
0.6986865,0.0934499838253757,-4.73435692206435e-05
0.6996357,0.0934500177890873,-4.74515649104655e-05
0.700585,0.0934499481101024,-4.75595606002875e-05
0.7015342,0.0934499820738141,-4.76675562901094e-05
0.7024834,0.0934500160375257,-4.77755519799314e-05
0.7034326,0.0934500500012374,-4.78835476697533e-05
0.7043818,0.0934474928975349,-4.79915433595753e-05
0.705331,0.0934352559701797,-4.80885529235612e-05
0.7062802,0.093422989701577,-4.80688608112136e-05
0.7072294,0.093410796174601,-4.80492723415626e-05
0.7081786,0.0933985299059983,-4.80295802292151e-05
0.7091278,0.0933863363790222,-4.80099917595641e-05
0.710077,0.0933740701104196,-4.79902996472165e-05
0.7110262,0.093361772940747,-4.79707111775655e-05
0.7119754,0.0933496103148409,-4.79510190652179e-05
0.7129246,0.0933373131451683,-4.79314305955669e-05
0.7138738,0.0933251505192622,-4.79117384832193e-05
0.714823,0.0933128533495895,-4.78921500135683e-05
0.7157722,0.0933006545161074,-4.7836079314726e-05
0.7167214,0.0932884580456787,-4.77476720945551e-05
0.7176706,0.0932761579325535,-4.76592648743841e-05
0.7186198,0.0932639305610549,-4.75709612969097e-05
0.719569,0.0931696490749458,-4.74825540767388e-05
0.7205182,0.0930598939259784,-4.73942504992644e-05
0.7214674,0.0929500660353844,-4.73058432790935e-05
0.7224166,0.092840341787487,-4.72174360589225e-05
0.7233658,0.092730482995823,-4.71291324814481e-05
0.724315,0.0926207587479256,-4.70407252612772e-05
0.7252642,0.0925108999562616,-4.69524216838028e-05
0.7262134,0.0924011148130979,-4.68927234905807e-05
0.7271626,0.0922912897467674,-4.68338544389311e-05
0.7281118,0.0921814955815068,-4.67748817445849e-05
0.729061,0.0920717741578729,-4.67160126929353e-05
0.7300102,0.0919619799926124,-4.66570399985892e-05
0.7309594,0.0918521549262818,-4.65981709469396e-05
0.7319086,0.0917423298599513,-4.653930189529e-05
0.7328579,0.0916325356946908,-4.64803292009438e-05
0.7338071,0.0915692461991185,-4.64214601492942e-05
0.7347563,0.0915570834540233,-4.63624874549481e-05
0.7357055,0.0915448519212704,-4.63447645538353e-05
0.7366547,0.0915327258449613,-4.63840451358339e-05
0.7376039,0.0915204961259556,-4.64233257178324e-05
0.7385531,0.0915083700496464,-4.6462606299831e-05
0.7395023,0.0914961712317107,-4.6501783239133e-05
0.7404515,0.0914840451554016,-4.65410638211316e-05
0.7414007,0.0914718154363959,-4.65803444031302e-05
0.7423499,0.0914596893600867,-4.66196249851288e-05
0.7432991,0.091447459641081,-4.66589055671274e-05
0.7442483,0.0914353335647719,-4.66981861491259e-05
0.7451975,0.0914232074884627,-4.67374667311245e-05
0.7461467,0.0914109739502237,-4.68699220973361e-05
0.7470959,0.0913987781949296,-4.70171983691566e-05
0.7480451,0.0913880334373875,-4.71644746409772e-05
0.7489943,0.0913879638775917,-4.73117509127977e-05
0.7499435,0.0913879979604925,-4.74590271846182e-05
0.7508927,0.0913880320433932,-4.76063034564388e-05
0.7518419,0.0913879624835974,-4.77535797282593e-05
0.7527911,0.0913879965664982,-4.79008560000799e-05
0.7537403,0.091388030649399,-4.80481322719004e-05
0.7546895,0.0913879610896032,-4.81954085437209e-05
0.7556387,0.091388026192763,-4.83818617548435e-05
0.7565879,0.0913880270270867,-4.86568258288336e-05
0.7575371,0.0913880587624804,-4.89316862601271e-05
0.7584863,0.0913879559541075,-4.92066503341171e-05
0.7594355,0.0913879567884313,-4.94816144081072e-05
0.7603847,0.091387988523825,-4.97564748394007e-05
0.7613339,0.0913879893581487,-5.00314389133908e-05
0.7622831,0.0913880210935424,-5.03062993446843e-05
0.7632323,0.0913880219278661,-5.05812634186743e-05
0.7641815,0.0913880536632597,-5.08561238499678e-05
0.7651308,0.0913879508548869,-5.11310879239579e-05
0.76608,0.091387953280126,-5.14797419552065e-05
0.7670292,0.0913880216843057,-5.18528556628448e-05
0.7679784,0.0913879864457889,-5.2225969370483e-05
0.7689276,0.091387951207272,-5.25990830781213e-05
0.7698768,0.0913880505125218,-5.29720931430629e-05
0.770826,0.0913880152740049,-5.33452068507012e-05
0.7717752,0.0913879800354881,-5.37183205583394e-05
0.7727244,0.0913880484396678,-5.40914342659776e-05
0.7736736,0.091388013201151,-5.44645479736159e-05
0.7746228,0.0913879779626342,-5.48376616812541e-05
0.775572,0.0913880116309641,-5.52088061776576e-05
0.7765212,0.0913880099985917,-5.55720738291221e-05
0.7774704,0.0913880083662192,-5.59353414805865e-05
0.7784196,0.0913879758327767,-5.62987127747475e-05
0.7793688,0.0913879742004043,-5.6661980426212e-05
0.780318,0.0913879725680318,-5.70252480776764e-05
0.7812672,0.0913879709356594,-5.73885157291409e-05
0.7822164,0.0913879693032869,-5.77517833806053e-05
0.7831656,0.0913879676709144,-5.81150510320698e-05
0.7841148,0.0913879351374719,-5.84784223262308e-05
0.785064,0.091388037147796,-5.88416899776952e-05
0.7860132,0.091387982839023,-5.91484723595311e-05
0.7869624,0.0913880145744167,-5.94233327908246e-05
0.7879116,0.0913880154087404,-5.96982968648147e-05
0.7888608,0.0913880471441341,-5.99731572961082e-05
0.78981,0.0913879443357613,-6.02481213700983e-05
0.7907592,0.091387976071155,-6.05229818013918e-05
0.7917084,0.0913879769054787,-6.07979458753819e-05
0.7926576,0.0913879777398024,-6.10729099493719e-05
0.7936068,0.0913880094751961,-6.13477703806654e-05
0.794556,0.0913880103095198,-6.16227344546555e-05
0.7955052,0.0913880196010875,-6.18910653960653e-05
0.7964544,0.091388020197033,-6.20874683060582e-05
0.7974037,0.0913880516940485,-6.22837675733546e-05
0.7983529,0.0913879486472974,-6.24801704833474e-05
0.7993021,0.091387949243243,-6.26765733933404e-05
0.8002513,0.0913879807402584,-6.28728726606367e-05
0.8012005,0.0913879813362039,-6.30692755706296e-05
0.8021497,0.0913879819321494,-6.32656784806225e-05
0.8030989,0.0913880134291649,-6.34619777479189e-05
0.8040481,0.0913880140251104,-6.36583806579117e-05
0.8049973,0.091388014621056,-6.38547835679047e-05
0.8059465,0.0913879481083554,-6.40149115340994e-05
0.8068957,0.0913880494035449,-6.41424956935724e-05
0.8078449,0.0913880161549678,-6.42701834957419e-05
0.8087941,0.0913880138074608,-6.43977676552149e-05
0.8097433,0.0913879805588837,-6.45254554573844e-05
0.8106925,0.0913879782113766,-6.46530396168574e-05
0.8116417,0.0913879449627996,-6.47807274190269e-05
0.8125909,0.0913880462579891,-6.49083115784999e-05
0.8135401,0.091388013009412,-6.50359993806694e-05
0.8144893,0.0913880106619049,-6.51635835401424e-05
0.8154385,0.0913879774133279,-6.52912713423119e-05
0.8163877,0.0913880496056482,-6.53807149894485e-05
0.8173369,0.091388016237882,-6.54691222096194e-05
0.8182861,0.0913879828701158,-6.55575294297904e-05
0.8192353,0.0913879804034197,-6.56458330072648e-05
0.8201845,0.0913879470356535,-6.57342402274357e-05
0.8211337,0.0913532242656077,-6.58225438049101e-05
0.8220829,0.0912310998012866,-6.5910951025081e-05
0.8230321,0.091109078979662,-6.5999358245252e-05
0.8239813,0.0909870890591074,-6.60876618227264e-05
0.8249305,0.0908650682374829,-6.61760690428973e-05
0.8258797,0.0907430585781768,-6.62481007170108e-05
0.8268289,0.0906209339946665,-6.62972273551832e-05
0.8277781,0.0904989439549229,-6.6346250350659e-05
0.8287273,0.0903769230141092,-6.63953769888314e-05
0.8296766,0.0902549020732956,-6.64445036270037e-05
0.8306258,0.0901329120335519,-6.64935266224795e-05
0.831575,0.0900107874500417,-6.65426532606519e-05
0.8325242,0.089888766509228,-6.65917798988243e-05
0.8334734,0.0897667764694843,-6.66408028943001e-05
0.8344226,0.0896447555286707,-6.66899295324724e-05
0.8353718,0.089522734587857,-6.67390561706448e-05
0.836321,0.0895017497142445,-6.6796577867239e-05
0.8372702,0.0894894836840201,-6.68554469188887e-05
0.8382194,0.0894772903954222,-6.69144196132348e-05
0.8391686,0.0894650243651978,-6.69732886648844e-05
0.8401178,0.0894527583349733,-6.7032157716534e-05
0.841067,0.0894405650463755,-6.70911304108801e-05
0.8420162,0.089428299016151,-6.71499994625297e-05
0.8429654,0.0894161057275531,-6.72089721568759e-05
0.8439146,0.0894038396973287,-6.72678412085255e-05
0.8448638,0.0893916773098008,-6.7326710260175e-05
0.845813,0.0893794313603488,-6.7424445323037e-05
0.8467622,0.0893671320815473,-6.76110021768561e-05
0.8477114,0.0893549364454424,-6.77975590306752e-05
0.8486606,0.0893426371666408,-6.79841158844943e-05
0.8496098,0.0893304415305359,-6.81706727383134e-05
0.850559,0.0893080889101675,-6.83572295921326e-05
0.8515082,0.0892776521594669,-6.85437864459517e-05
0.8524574,0.0892471117660698,-6.87303432997708e-05
0.8534066,0.0892166750153692,-6.89169001535899e-05
0.8543558,0.0891862382646686,-6.9103457007409e-05
0.855305,0.089155832415038,-6.92899102185316e-05
0.8562542,0.0891252907882927,-6.95206188610879e-05
0.8572034,0.0890949214882591,-6.97660447665566e-05
0.8581526,0.0890644485455288,-7.00114706720253e-05
0.8591018,0.0890339447017286,-7.02570002201906e-05
0.860051,0.0890034717589984,-7.05024261256593e-05
0.8610002,0.0889729988162681,-7.0747852031128e-05
0.8619495,0.0889425986151645,-7.09933815792933e-05
0.8628987,0.0889121256724343,-7.1238807484762e-05
0.8638479,0.088881652729704,-7.14842333902307e-05
0.8647971,0.0888442048252339,-7.17297629383959e-05
0.8657463,0.088777135293961,-7.19581914416278e-05
0.8666955,0.0887100789460391,-7.21153137696221e-05
0.8676447,0.0886429189554206,-7.22724360976165e-05
0.8685939,0.0885757898658721,-7.24294547829142e-05
0.8695431,0.0885087335179502,-7.25865771109085e-05
0.8704923,0.0884415735273317,-7.27436994389029e-05
0.8714415,0.0883745171794098,-7.29008217668972e-05
0.8723907,0.0883073880898613,-7.3057840452195e-05
0.8733399,0.0882403317419394,-7.32149627801893e-05
0.8742891,0.0881731717513209,-7.33720851081836e-05
0.8752383,0.088106115403399,-7.35292074361779e-05
0.8761875,0.0880390215990065,-7.35988553282704e-05
0.8771367,0.0879719284631095,-7.36184437979214e-05
0.8780859,0.0879048353272124,-7.36380322675724e-05
0.8790351,0.0878377112902454,-7.365772437992e-05
0.8799843,0.0877554863206497,-7.3677312849571e-05
0.8809335,0.0876700175263904,-7.36970049619186e-05
0.8818827,0.0875845796332011,-7.37165934315696e-05
0.8828319,0.0874991108389419,-7.37362855439171e-05
0.8837811,0.0874136729457526,-7.37558740135681e-05
0.8847303,0.0873282041514934,-7.37755661259157e-05
0.8856795,0.0872428209557372,-7.37967092360152e-05
0.8866287,0.0871573158502592,-7.38359898180138e-05
0.8875779,0.0870718107447812,-7.38752704000124e-05
0.8885271,0.0869864092819998,-7.3914550982011e-05
0.8894763,0.0869009041765218,-7.39538315640096e-05
0.8904255,0.0868155027137403,-7.39931121460081e-05
0.8913747,0.0867299976082624,-7.40323927280067e-05
0.8923239,0.0866445961454809,-7.40716733100053e-05
0.8932731,0.0865590910400029,-7.41109538920039e-05
0.8942224,0.0864203135884899,-7.41502344740025e-05
0.8951716,0.0862190395909475,-7.4189515056001e-05
0.8961208,0.0860178030498756,-7.43162700739015e-05
0.89707,0.0858164959229453,-7.45225190400681e-05
0.8980192,0.0856151160543883,-7.47286643635383e-05
0.8989684,0.0854138398285279,-7.49348096870084e-05
0.8999176,0.0852125327015976,-7.51410586531751e-05
0.9008668,0.0850112564757372,-7.53472039766452e-05
0.901816,0.0848099493488068,-7.55534529428119e-05
0.9027652,0.0846086731229464,-7.5759598266282e-05
0.9037144,0.084407396897086,-7.59657435897522e-05
0.9046636,0.0842060897701556,-7.61719925559189e-05
0.9056128,0.0840047099015987,-7.6378137879389e-05
0.906562,0.0838034964158446,-7.68030729353103e-05
0.9075112,0.0836021508685666,-7.72350556945981e-05
0.9084604,0.0833886791257904,-7.7667038453886e-05
0.9094096,0.0830592003044866,-7.80991248558704e-05
0.9103588,0.0827297523842529,-7.85311076151582e-05
0.911308,0.0824003044640191,-7.8963090374446e-05
0.9122572,0.0820708256427153,-7.93951767764304e-05
0.9132064,0.0817413777224815,-7.98271595357182e-05
0.9141556,0.0814119298022477,-8.02591422950061e-05
0.9151048,0.081082481882014,-8.06911250542939e-05
0.916054,0.0807530204364083,-8.11718198809678e-05
0.9170032,0.0804235728737418,-8.17216443862514e-05
0.9179524,0.0800941253110753,-8.2271468891535e-05
0.9189016,0.0797646777484088,-8.28212933968186e-05
0.9198508,0.0794352301857423,-8.33711179021021e-05
0.9208,0.0791057826230759,-8.39209424073857e-05
0.9217492,0.0787763350604094,-8.44707669126693e-05
0.9226984,0.0784468874977429,-8.50205914179528e-05
0.9236476,0.0779393817823757,-8.55704159232364e-05
0.9245968,0.0773658247682259,-8.61203440712165e-05
0.925546,0.0767924022978426,-8.66701685765001e-05
0.9264953,0.0762190056604015,-8.7261968373893e-05
0.9274445,0.075645549703063,-8.78609195173489e-05
0.9283937,0.0750720937457245,-8.84598706608048e-05
0.9293429,0.0744986377883859,-8.90588218042608e-05
0.9302921,0.0739252127321174,-8.96576693050202e-05
0.9312413,0.0733517567747789,-9.02566204484761e-05
0.9321905,0.0727783008174404,-9.0855571591932e-05
0.9331397,0.0722048448601018,-9.1454522735388e-05
0.9340889,0.0716314198038333,-9.20533702361474e-05
0.9350381,0.0710579638464948,-9.26523213796033e-05
0.9359873,0.070484578832582,-9.32896203207887e-05
0.9369365,0.0699110896266665,-9.40162592664142e-05
0.9378857,0.0691506598972155,-9.47427945693431e-05
0.9388349,0.0680647921005467,-9.5469329872272e-05
0.9397841,0.0669788934028079,-9.61959688178975e-05
0.9407333,0.0658931292488357,-9.69225041208264e-05
0.9416825,0.0648072614521669,-9.76490394237553e-05
0.9426317,0.0637213936554981,-9.83755747266842e-05
0.9435809,0.0626355986004559,-9.91022136723096e-05
0.9445301,0.0615497308037872,-9.98287489752385e-05
0.9454793,0.0604638630071184,-0.000100555284278167
0.9464285,0.0593780582925769,-0.000101523203421399
0.9473777,0.0582921578432765,-0.00010257382943649
0.9483269,0.0572063919377427,-0.000103624351808885
0.9492761,0.0561204914884424,-0.000104674977823976
0.9502253,0.0550347255829086,-0.000105725500196371
0.9511745,0.0539488251336083,-0.000106776126211463
0.9521237,0.0528629555853779,-0.000107826648583857